<?xml version="1.0" encoding="UTF-8"?>
<project-private xmlns="http://www.netbeans.org/ns/project-private/1">
    <editor-bookmarks xmlns="http://www.netbeans.org/ns/editor-bookmarks/2" lastBookmarkId="0"/>
    <open-files xmlns="http://www.netbeans.org/ns/projectui-open-files/2">
        <group>
            <file>file:/C:/Users/Marius/Documents/NetBeansProjects/JavaFXApplication1/src/javafxapplication1/FXMLDocument.fxml</file>
            <file>file:/C:/Users/Marius/Documents/NetBeansProjects/JavaFXApplication1/src/javafxapplication1/JavaFXApplication1.java</file>
            <file>file:/C:/Users/Marius/Documents/NetBeansProjects/JavaFXApplication1/src/javafxapplication1/theme2.css</file>
            <file>file:/C:/Users/Marius/Documents/NetBeansProjects/JavaFXApplication1/src/javafxapplication1/theme1.css</file>
            <file>file:/C:/Users/Marius/Documents/NetBeansProjects/JavaFXApplication1/src/javafxapplication1/FXMLDocumentController.java</file>
        </group>
    </open-files>
</project-private>
