<?xml version="1.0" encoding="UTF-8"?>
<project-private xmlns="http://www.netbeans.org/ns/project-private/1">
    <editor-bookmarks xmlns="http://www.netbeans.org/ns/editor-bookmarks/2" lastBookmarkId="0"/>
    <open-files xmlns="http://www.netbeans.org/ns/projectui-open-files/2">
        <group>
            <file>file:/C:/Users/Marius/Documents/NetBeansProjects/Static_modifikatorius/src/static_modifikatorius/Matematiniai_Skaiciavimai.java</file>
            <file>file:/C:/Users/Marius/Documents/NetBeansProjects/Static_modifikatorius/src/static_modifikatorius/Skaiciuokle.java</file>
            <file>file:/C:/Users/Marius/Documents/NetBeansProjects/Static_modifikatorius/src/static_modifikatorius/SingletonKlase.java</file>
            <file>file:/C:/Users/Marius/Documents/NetBeansProjects/Static_modifikatorius/src/static_modifikatorius/Pagrindine.java</file>
            <file>file:/C:/Users/Marius/Documents/NetBeansProjects/Static_modifikatorius/src/static_modifikatorius/Static_modifikatorius.java</file>
            <file>file:/C:/Users/Marius/Documents/NetBeansProjects/Static_modifikatorius/src/static_modifikatorius/StatinisImportavimas.java</file>
        </group>
    </open-files>
</project-private>
