<?xml version="1.0" encoding="UTF-8"?>

<PROFILE> 


	<INFO>

		<PUBLIC>

			<NAME>

			Jonas

			</NAME>

			<LASTNAME>

			Jonaitis

			</LASTNAME>

			<AGE>

			24	

			</AGE>

		</PUBLIC>

		<PRIVATE>

			<CONTACTS>

				<CITY>

				Vilnius

				</CITY>

				<ADRESS>

				Gedimino pr. 1

				</ADRESS>

				<PHONE>

				+3706242222

				</PHONE>

				<EMAIL>

				Jonaitis@gmail.com

				</EMAIL>

			</CONTACTS>

		</PRIVATE>

	</INFO>


<INFO>

		<PUBLIC>

			<NAME>

			Petras

			</NAME>

			<LASTNAME>

			Petraitis

			</LASTNAME>

			<AGE>

			27

			</AGE>

		</PUBLIC>

		<PRIVATE>

			<CONTACTS>

				<CITY>

				Kaunas

				</CITY>

				<ADRESS>

				Gedimino pr. 1
85

				</ADRESS>

				<PHONE>

				+3706242211

				</PHONE>

				<EMAIL>

				Petraitis@gmail.com

				</EMAIL>

			</CONTACTS>

		</PRIVATE>

	</INFO>

	
</PROFILE>

